code,city,country,state,county,time_zone,is_primary_location,location_rank,postal_code_rank,source,evidence_count
17033,Neubrandenburg,DE,Mecklenburg-Vorpommern,Mecklenburgische Seenplatte,W. Europe Standard Time,true,1,1,postal_boundary,6056
17034,Neubrandenburg,DE,Mecklenburg-Vorpommern,Mecklenburgische Seenplatte,W. Europe Standard Time,true,1,2,postal_boundary,2840
17036,Neubrandenburg,DE,Mecklenburg-Vorpommern,Mecklenburgische Seenplatte,W. Europe Standard Time,true,1,3,postal_boundary,1527
17039,Neunkirchen u.a.,DE,Mecklenburg-Vorpommern,Mecklenburgische Seenplatte,W. Europe Standard Time,false,2,1,postal_boundary,0
17039,Sponholz,DE,Mecklenburg-Vorpommern,Mecklenburgische Seenplatte,W. Europe Standard Time,true,1,1,postal_boundary,141
17087,Altentreptow,DE,Mecklenburg-Vorpommern,Mecklenburgische Seenplatte,W. Europe Standard Time,true,1,1,postal_boundary,1826
17089,Burow,DE,Mecklenburg-Vorpommern,Mecklenburgische Seenplatte,W. Europe Standard Time,true,1,1,postal_boundary,178
17091,Rosenow,DE,Mecklenburg-Vorpommern,Mecklenburgische Seenplatte,W. Europe Standard Time,true,1,1,postal_boundary,43
17094,Cölpin,DE,Mecklenburg-Vorpommern,Mecklenburgische Seenplatte,W. Europe Standard Time,true,1,1,postal_boundary,5
17098,Friedland,DE,Mecklenburg-Vorpommern,Mecklenburgische Seenplatte,W. Europe Standard Time,true,1,1,postal_boundary,1236
17099,Datzetal,DE,Mecklenburg-Vorpommern,Mecklenburgische Seenplatte,W. Europe Standard Time,true,1,1,postal_boundary,129
17099,Friedland,DE,Mecklenburg-Vorpommern,Mecklenburgische Seenplatte,W. Europe Standard Time,false,3,2,postal_boundary,0
17099,Galenbeck,DE,Mecklenburg-Vorpommern,Mecklenburgische Seenplatte,W. Europe Standard Time,false,2,1,postal_boundary,118
17109,Demmin,DE,Mecklenburg-Vorpommern,Mecklenburgische Seenplatte,W. Europe Standard Time,true,1,1,postal_boundary,2865
17111,Demmin u.a.,DE,Mecklenburg-Vorpommern,Mecklenburgische Seenplatte,W. Europe Standard Time,true,1,1,postal_boundary,0
17121,Loitz,DE,Mecklenburg-Vorpommern,Vorpommern-Greifswald,W. Europe Standard Time,true,1,1,postal_boundary,1558
17126,Jarmen,DE,Mecklenburg-Vorpommern,Vorpommern-Greifswald,W. Europe Standard Time,true,1,1,postal_boundary,912
17129,Bentzin,DE,Mecklenburg-Vorpommern,Vorpommern-Greifswald,W. Europe Standard Time,true,1,1,postal_boundary,112
17139,Malchin,DE,Mecklenburg-Vorpommern,Mecklenburgische Seenplatte,W. Europe Standard Time,true,1,1,postal_boundary,1815
17153,Stavenhagen u.a.,DE,Mecklenburg-Vorpommern,Mecklenburgische Seenplatte,W. Europe Standard Time,true,1,1,postal_boundary,0
17154,Neukalen,DE,Mecklenburg-Vorpommern,Mecklenburgische Seenplatte,W. Europe Standard Time,true,1,1,postal_boundary,735
17159,Dargun,DE,Mecklenburg-Vorpommern,Mecklenburgische Seenplatte,W. Europe Standard Time,true,1,1,postal_boundary,1288
17166,Dahmen,DE,Mecklenburg-Vorpommern,Landkreis Rostock,W. Europe Standard Time,false,3,1,postal_boundary,9
17166,Groß Wokern,DE,Mecklenburg-Vorpommern,Landkreis Rostock,W. Europe Standard Time,false,2,1,postal_boundary,54
17166,Teterow,DE,Mecklenburg-Vorpommern,Landkreis Rostock,W. Europe Standard Time,true,1,1,postal_boundary,2147
17168,Jördenstorf,DE,Mecklenburg-Vorpommern,Landkreis Rostock,W. Europe Standard Time,true,1,1,postal_boundary,343
17168,Prebberede u.a.,DE,Mecklenburg-Vorpommern,Landkreis Rostock,W. Europe Standard Time,false,2,1,postal_boundary,0
17179,Gnoien u.a.,DE,Mecklenburg-Vorpommern,Landkreis Rostock,W. Europe Standard Time,true,1,1,postal_boundary,0
17192,Waren/ Müritz,DE,Mecklenburg-Vorpommern,Mecklenburgische Seenplatte,W. Europe Standard Time,true,1,1,postal_boundary,0
17194,Grabowhöfe,DE,Mecklenburg-Vorpommern,Mecklenburgische Seenplatte,W. Europe Standard Time,true,1,1,postal_boundary,368
17194,Moltzow u.a.,DE,Mecklenburg-Vorpommern,Mecklenburgische Seenplatte,W. Europe Standard Time,false,2,1,postal_boundary,0
17207,Röbel/Müritz,DE,Mecklenburg-Vorpommern,Mecklenburgische Seenplatte,W. Europe Standard Time,true,1,1,postal_boundary,1762
17209,Wredenhagen,DE,Mecklenburg-Vorpommern,Mecklenburgische Seenplatte,W. Europe Standard Time,true,1,1,postal_boundary,0
17213,Malchow u.a.,DE,Mecklenburg-Vorpommern,Mecklenburgische Seenplatte,W. Europe Standard Time,true,1,1,postal_boundary,0
17214,Nossentiner Hütte,DE,Mecklenburg-Vorpommern,Mecklenburgische Seenplatte,W. Europe Standard Time,true,1,1,postal_boundary,238
17217,Penzlin,DE,Mecklenburg-Vorpommern,Mecklenburgische Seenplatte,W. Europe Standard Time,true,1,1,postal_boundary,1420
17219,Möllenhagen,DE,Mecklenburg-Vorpommern,Mecklenburgische Seenplatte,W. Europe Standard Time,true,1,1,postal_boundary,198
17235,Neustrelitz,DE,Mecklenburg-Vorpommern,Mecklenburgische Seenplatte,W. Europe Standard Time,true,1,1,postal_boundary,4663
17237,Carpin,DE,Mecklenburg-Vorpommern,Mecklenburgische Seenplatte,W. Europe Standard Time,false,8,1,postal_boundary,26
17237,Godendorf,DE,Mecklenburg-Vorpommern,Mecklenburgische Seenplatte,W. Europe Standard Time,false,4,1,postal_boundary,131
17237,Grünow,DE,Mecklenburg-Vorpommern,Mecklenburgische Seenplatte,W. Europe Standard Time,false,7,1,postal_boundary,65
17237,Hohenzieritz,DE,Mecklenburg-Vorpommern,Mecklenburgische Seenplatte,W. Europe Standard Time,false,5,1,postal_boundary,125
17237,Klein Vielen,DE,Mecklenburg-Vorpommern,Mecklenburgische Seenplatte,W. Europe Standard Time,false,2,1,postal_boundary,276
17237,Kratzeburg,DE,Mecklenburg-Vorpommern,Mecklenburgische Seenplatte,W. Europe Standard Time,false,3,1,postal_boundary,275
17237,Möllenbeck,DE,Mecklenburg-Vorpommern,Mecklenburgische Seenplatte,W. Europe Standard Time,false,9,1,postal_boundary,12
17237,Neustrelitz-Land Blankensee Blumenholz,DE,Mecklenburg-Vorpommern,Mecklenburgische Seenplatte,W. Europe Standard Time,false,10,1,postal_boundary,0
17237,Userin,DE,Mecklenburg-Vorpommern,Mecklenburgische Seenplatte,W. Europe Standard Time,true,1,1,postal_boundary,354
17237,Wokuhl-Dabelow,DE,Mecklenburg-Vorpommern,Mecklenburgische Seenplatte,W. Europe Standard Time,false,6,1,postal_boundary,78
17248,Rechlin,DE,Mecklenburg-Vorpommern,Mecklenburgische Seenplatte,W. Europe Standard Time,true,1,1,postal_boundary,1053
17252,Mirow,DE,Mecklenburg-Vorpommern,Mecklenburgische Seenplatte,W. Europe Standard Time,true,1,1,postal_boundary,2111
17255,Wesenberg,DE,Mecklenburg-Vorpommern,Mecklenburgische Seenplatte,W. Europe Standard Time,true,1,1,postal_boundary,1370
17258,Feldberger Seenlandschaft,DE,Mecklenburg-Vorpommern,Mecklenburgische Seenplatte,W. Europe Standard Time,true,1,1,postal_boundary,1465
17309,Pasewalk u.a.,DE,Mecklenburg-Vorpommern,Vorpommern-Greifswald,W. Europe Standard Time,true,1,1,postal_boundary,0
17321,Löcknitz,DE,Mecklenburg-Vorpommern,Vorpommern-Greifswald,W. Europe Standard Time,true,1,1,postal_boundary,830
17321,Rothenklempenow,DE,Mecklenburg-Vorpommern,Vorpommern-Greifswald,W. Europe Standard Time,false,2,1,postal_boundary,171
17322,Blankensee,DE,Mecklenburg-Vorpommern,Vorpommern-Greifswald,W. Europe Standard Time,false,2,1,postal_boundary,260
17322,Boock,DE,Mecklenburg-Vorpommern,Vorpommern-Greifswald,W. Europe Standard Time,false,4,1,postal_boundary,7
17322,Glasow,DE,Mecklenburg-Vorpommern,Vorpommern-Greifswald,W. Europe Standard Time,false,5,1,postal_boundary,1
17322,Grambow,DE,Mecklenburg-Vorpommern,Vorpommern-Greifswald,W. Europe Standard Time,true,1,1,postal_boundary,282
17322,Löcknitz-Land,DE,Mecklenburg-Vorpommern,Vorpommern-Greifswald,W. Europe Standard Time,false,6,1,postal_boundary,0
17322,Rossow,DE,Mecklenburg-Vorpommern,Vorpommern-Greifswald,W. Europe Standard Time,false,3,1,postal_boundary,159
17328,Penkun,DE,Mecklenburg-Vorpommern,Vorpommern-Greifswald,W. Europe Standard Time,true,1,1,postal_boundary,744
17328,Schuckmannshöhe,DE,Mecklenburg-Vorpommern,Vorpommern-Greifswald,W. Europe Standard Time,false,2,1,postal_boundary,0
17329,Krackow,DE,Mecklenburg-Vorpommern,Vorpommern-Greifswald,W. Europe Standard Time,true,1,1,postal_boundary,259
17329,Nadrensee,DE,Mecklenburg-Vorpommern,Vorpommern-Greifswald,W. Europe Standard Time,false,2,1,postal_boundary,29
17335,Strasburg,DE,Mecklenburg-Vorpommern,Vorpommern-Greifswald,W. Europe Standard Time,true,1,1,postal_boundary,3
17337,Schönhausen,DE,Mecklenburg-Vorpommern,Mecklenburgische Seenplatte,W. Europe Standard Time,true,1,1,address_fallback,100
17348,Woldegk,DE,Mecklenburg-Vorpommern,Mecklenburgische Seenplatte,W. Europe Standard Time,true,1,1,postal_boundary,933
17349,Groß Miltzow,DE,Mecklenburg-Vorpommern,Mecklenburgische Seenplatte,W. Europe Standard Time,true,1,1,postal_boundary,123
17358,Torgelow,DE,Mecklenburg-Vorpommern,Vorpommern-Greifswald,W. Europe Standard Time,true,1,1,postal_boundary,2322
17367,Eggesin,DE,Mecklenburg-Vorpommern,Vorpommern-Greifswald,W. Europe Standard Time,true,1,1,postal_boundary,1311
17373,Ueckermünde,DE,Mecklenburg-Vorpommern,Vorpommern-Greifswald,W. Europe Standard Time,true,1,1,postal_boundary,2582
17375,Meiersberg,DE,Mecklenburg-Vorpommern,Vorpommern-Greifswald,W. Europe Standard Time,true,1,1,postal_boundary,196
17375,Mönkebude u.a.,DE,Mecklenburg-Vorpommern,Vorpommern-Greifswald,W. Europe Standard Time,false,3,1,postal_boundary,0
17375,Vogelsang-Warsin,DE,Mecklenburg-Vorpommern,Vorpommern-Greifswald,W. Europe Standard Time,false,2,1,postal_boundary,26
17379,Ferdinandshof u.a.,DE,Mecklenburg-Vorpommern,Vorpommern-Greifswald,W. Europe Standard Time,true,1,1,postal_boundary,0
17389,Anklam,DE,Mecklenburg-Vorpommern,Vorpommern-Greifswald,W. Europe Standard Time,true,1,1,postal_boundary,2761
17390,Klein Bünzow,DE,Mecklenburg-Vorpommern,Vorpommern-Greifswald,W. Europe Standard Time,true,1,1,postal_boundary,13
17391,Krien u.a.,DE,Mecklenburg-Vorpommern,Vorpommern-Greifswald,W. Europe Standard Time,true,1,1,postal_boundary,0
17392,Spantekow,DE,Mecklenburg-Vorpommern,Vorpommern-Greifswald,W. Europe Standard Time,true,1,1,postal_boundary,67
17398,Ducherow,DE,Mecklenburg-Vorpommern,Vorpommern-Greifswald,W. Europe Standard Time,true,1,1,postal_boundary,548
17406,Usedom u.a.,DE,Mecklenburg-Vorpommern,Vorpommern-Greifswald,W. Europe Standard Time,true,1,1,postal_boundary,0
17419,Heringsdorf,DE,Mecklenburg-Vorpommern,Vorpommern-Greifswald,W. Europe Standard Time,true,1,1,postal_boundary,1237
17419,Zirchow u.a.,DE,Mecklenburg-Vorpommern,Vorpommern-Greifswald,W. Europe Standard Time,false,2,1,postal_boundary,0
17424,Ostseebad Heringsdorf,DE,Mecklenburg-Vorpommern,Vorpommern-Greifswald,W. Europe Standard Time,true,1,1,postal_boundary,6
17429,Benz,DE,Mecklenburg-Vorpommern,Vorpommern-Greifswald,W. Europe Standard Time,true,1,1,postal_boundary,300
17429,Heringsdorf u.a.,DE,Mecklenburg-Vorpommern,Vorpommern-Greifswald,W. Europe Standard Time,false,2,1,postal_boundary,0
17438,Wolgast,DE,Mecklenburg-Vorpommern,Vorpommern-Greifswald,W. Europe Standard Time,true,1,1,postal_boundary,3167
17440,Krummin,DE,Mecklenburg-Vorpommern,Vorpommern-Greifswald,W. Europe Standard Time,false,2,1,postal_boundary,215
17440,Kröslin,DE,Mecklenburg-Vorpommern,Vorpommern-Greifswald,W. Europe Standard Time,true,1,1,postal_boundary,792
17440,Lassan u.a.,DE,Mecklenburg-Vorpommern,Vorpommern-Greifswald,W. Europe Standard Time,false,3,1,postal_boundary,0
17449,Karlshagen,DE,Mecklenburg-Vorpommern,Vorpommern-Greifswald,W. Europe Standard Time,true,1,1,postal_boundary,1002
17454,Zinnowitz,DE,Mecklenburg-Vorpommern,Vorpommern-Greifswald,W. Europe Standard Time,true,1,1,postal_boundary,1771
17459,Koserow,DE,Mecklenburg-Vorpommern,Vorpommern-Greifswald,W. Europe Standard Time,true,1,1,postal_boundary,768
17475,Greifswald,DE,Mecklenburg-Vorpommern,Vorpommern-Greifswald,W. Europe Standard Time,true,1,4,address_fallback,3
17489,Greifswald,DE,Mecklenburg-Vorpommern,Vorpommern-Greifswald,W. Europe Standard Time,true,1,1,postal_boundary,5703
17491,Greifswald,DE,Mecklenburg-Vorpommern,Vorpommern-Greifswald,W. Europe Standard Time,true,1,3,postal_boundary,1490
17493,Greifswald,DE,Mecklenburg-Vorpommern,Vorpommern-Greifswald,W. Europe Standard Time,true,1,2,postal_boundary,2200
17495,Karlsburg,DE,Mecklenburg-Vorpommern,Vorpommern-Greifswald,W. Europe Standard Time,true,1,1,postal_boundary,655
17495,Zussow,DE,Mecklenburg-Vorpommern,Vorpommern-Greifswald,W. Europe Standard Time,false,2,1,postal_boundary,0
17498,Neuenkirchen,DE,Mecklenburg-Vorpommern,Vorpommern-Greifswald,W. Europe Standard Time,true,1,1,postal_boundary,897
17506,Gützkow,DE,Mecklenburg-Vorpommern,Vorpommern-Greifswald,W. Europe Standard Time,true,1,1,postal_boundary,1054
17509,Lubmin,DE,Mecklenburg-Vorpommern,Vorpommern-Greifswald,W. Europe Standard Time,true,1,1,postal_boundary,1115
18055,Rostock,DE,Mecklenburg-Vorpommern,Rostock,W. Europe Standard Time,true,1,1,postal_boundary,6107
18057,Rostock,DE,Mecklenburg-Vorpommern,Rostock,W. Europe Standard Time,true,1,3,postal_boundary,3362
18059,Papendorf u.a.,DE,Mecklenburg-Vorpommern,Landkreis Rostock,W. Europe Standard Time,false,2,1,postal_boundary,0
18059,Papendorf u.a.,DE,Mecklenburg-Vorpommern,Rostock,W. Europe Standard Time,false,3,1,postal_boundary,0
18059,Rostock,DE,Mecklenburg-Vorpommern,Rostock,W. Europe Standard Time,true,1,2,postal_boundary,3637
18069,Lambrechtshagen,DE,Mecklenburg-Vorpommern,Landkreis Rostock,W. Europe Standard Time,false,2,1,postal_boundary,923
18069,Rostock,DE,Mecklenburg-Vorpommern,Rostock,W. Europe Standard Time,true,1,4,postal_boundary,3251
18106,Rostock Evershagen,DE,Mecklenburg-Vorpommern,Rostock,W. Europe Standard Time,true,1,1,postal_boundary,0
18106,Schmarl,DE,Mecklenburg-Vorpommern,Rostock,W. Europe Standard Time,false,2,1,postal_boundary,0
18107,Elmenhorst/Lichtenhagen,DE,Mecklenburg-Vorpommern,Landkreis Rostock,W. Europe Standard Time,true,1,1,postal_boundary,1647
18107,Rostock,DE,Mecklenburg-Vorpommern,Rostock,W. Europe Standard Time,false,2,7,postal_boundary,837
18109,Lichtenhagen,DE,Mecklenburg-Vorpommern,Rostock,W. Europe Standard Time,true,1,1,postal_boundary,0
18109,Lütten Klein,DE,Mecklenburg-Vorpommern,Rostock,W. Europe Standard Time,false,2,1,postal_boundary,0
18109,Rostock Groß Klein,DE,Mecklenburg-Vorpommern,Rostock,W. Europe Standard Time,false,3,1,postal_boundary,0
18119,Hohe Düne,DE,Mecklenburg-Vorpommern,Rostock,W. Europe Standard Time,true,1,1,postal_boundary,0
18119,Rostock Diedrichshagen,DE,Mecklenburg-Vorpommern,Rostock,W. Europe Standard Time,false,2,1,postal_boundary,0
18119,Seebad Warnemünde,DE,Mecklenburg-Vorpommern,Rostock,W. Europe Standard Time,false,3,1,postal_boundary,0
18146,Rostock,DE,Mecklenburg-Vorpommern,Rostock,W. Europe Standard Time,true,1,5,postal_boundary,2836
18147,Rostock,DE,Mecklenburg-Vorpommern,Rostock,W. Europe Standard Time,true,1,6,postal_boundary,2510
18181,Graal-Müritz,DE,Mecklenburg-Vorpommern,Landkreis Rostock,W. Europe Standard Time,true,1,1,postal_boundary,1449
18181,Rostock,DE,Mecklenburg-Vorpommern,Rostock,W. Europe Standard Time,false,2,8,postal_boundary,27
18182,Gelbensande,DE,Mecklenburg-Vorpommern,Landkreis Rostock,W. Europe Standard Time,true,1,1,postal_boundary,555
18182,Rostock,DE,Mecklenburg-Vorpommern,Landkreis Rostock,W. Europe Standard Time,false,2,1,postal_boundary,42
18182,Rövershagen u.a.,DE,Mecklenburg-Vorpommern,Landkreis Rostock,W. Europe Standard Time,false,3,1,postal_boundary,0
18182,Rövershagen u.a.,DE,Mecklenburg-Vorpommern,Rostock,W. Europe Standard Time,false,4,1,postal_boundary,0
18184,Broderstorf u.a.,DE,Mecklenburg-Vorpommern,Landkreis Rostock,W. Europe Standard Time,false,2,1,postal_boundary,0
18184,Roggentin,DE,Mecklenburg-Vorpommern,Landkreis Rostock,W. Europe Standard Time,true,1,1,postal_boundary,1247
18190,Sanitz,DE,Mecklenburg-Vorpommern,Landkreis Rostock,W. Europe Standard Time,true,1,1,postal_boundary,2072
18195,Grammow u.a.,DE,Mecklenburg-Vorpommern,Landkreis Rostock,W. Europe Standard Time,false,2,1,postal_boundary,0
18195,Tessin,DE,Mecklenburg-Vorpommern,Landkreis Rostock,W. Europe Standard Time,true,1,1,postal_boundary,1239
18196,Dummerstorf,DE,Mecklenburg-Vorpommern,Landkreis Rostock,W. Europe Standard Time,true,1,1,postal_boundary,2675
18198,Kritzmow,DE,Mecklenburg-Vorpommern,Landkreis Rostock,W. Europe Standard Time,true,1,1,postal_boundary,1225
18198,Stäbelow,DE,Mecklenburg-Vorpommern,Landkreis Rostock,W. Europe Standard Time,false,2,1,postal_boundary,579
18209,Bad Doberan,DE,Mecklenburg-Vorpommern,Landkreis Rostock,W. Europe Standard Time,true,1,1,postal_boundary,3295
18209,Bartenshagen-Parkentin u.a.,DE,Mecklenburg-Vorpommern,Landkreis Rostock,W. Europe Standard Time,false,2,1,postal_boundary,0
18211,Admannshagen-Bargeshagen u.a.,DE,Mecklenburg-Vorpommern,Landkreis Rostock,W. Europe Standard Time,false,2,1,postal_boundary,0
18211,Retschow,DE,Mecklenburg-Vorpommern,Landkreis Rostock,W. Europe Standard Time,true,1,1,postal_boundary,317
18225,Kühlungsborn,DE,Mecklenburg-Vorpommern,Landkreis Rostock,W. Europe Standard Time,true,1,1,postal_boundary,2622
18230,Bastorf,DE,Mecklenburg-Vorpommern,Landkreis Rostock,W. Europe Standard Time,false,2,1,postal_boundary,452
18230,Biendorf,DE,Mecklenburg-Vorpommern,Landkreis Rostock,W. Europe Standard Time,false,3,1,postal_boundary,409
18230,Rerik,DE,Mecklenburg-Vorpommern,Landkreis Rostock,W. Europe Standard Time,true,1,1,postal_boundary,1464
18233,Altbukow,DE,Mecklenburg-Vorpommern,Landkreis Rostock,W. Europe Standard Time,false,4,1,postal_boundary,0
18233,Am Salzhaff,DE,Mecklenburg-Vorpommern,Landkreis Rostock,W. Europe Standard Time,false,3,1,postal_boundary,255
18233,Carinerland,DE,Mecklenburg-Vorpommern,Landkreis Rostock,W. Europe Standard Time,false,2,1,postal_boundary,370
18233,Neubukow,DE,Mecklenburg-Vorpommern,Landkreis Rostock,W. Europe Standard Time,true,1,1,postal_boundary,961
18236,Kröpelin,DE,Mecklenburg-Vorpommern,Landkreis Rostock,W. Europe Standard Time,true,1,1,postal_boundary,1584
18239,Satow,DE,Mecklenburg-Vorpommern,Landkreis Rostock,W. Europe Standard Time,true,1,1,postal_boundary,2104
18246,Bützow Baumgarten Friedrichshof Glambeck Groß Belitz Göllin Jabelitz Jürgenshagen Klein Belitz Krugland Kurzen Trechow Käterhagen Langen Trechow Moisall Neu Käterhagen Neuendorf Neukirchen Oettelin Reinstorf Rühn Selow Steinhagen Zepelin,DE,Mecklenburg-Vorpommern,Landkreis Rostock,W. Europe Standard Time,true,1,1,postal_boundary,0
18249,Bernitt Boitin Buchenhof Dreetz Eickelberg Eickhof Klein Raden Lübzin-Rosenow Penzin Schlemmin Schlockow Tarnow Viezen Warnow Zernin,DE,Mecklenburg-Vorpommern,Landkreis Rostock,W. Europe Standard Time,true,1,1,postal_boundary,0
18258,Schwaan u.a.,DE,Mecklenburg-Vorpommern,Landkreis Rostock,W. Europe Standard Time,true,1,1,postal_boundary,0
18273,Güstrow,DE,Mecklenburg-Vorpommern,Landkreis Rostock,W. Europe Standard Time,true,1,1,postal_boundary,6338
18276,Hägerfelde u.a.,DE,Mecklenburg-Vorpommern,Landkreis Rostock,W. Europe Standard Time,false,4,1,postal_boundary,0
18276,Lohmen,DE,Mecklenburg-Vorpommern,Landkreis Rostock,W. Europe Standard Time,true,1,1,postal_boundary,96
18276,Reimershagen,DE,Mecklenburg-Vorpommern,Landkreis Rostock,W. Europe Standard Time,false,3,1,postal_boundary,49
18276,Zehna,DE,Mecklenburg-Vorpommern,Landkreis Rostock,W. Europe Standard Time,false,2,1,postal_boundary,89
18279,Lalendorf,DE,Mecklenburg-Vorpommern,Landkreis Rostock,W. Europe Standard Time,true,1,1,postal_boundary,816
18279,Langhagen,DE,Mecklenburg-Vorpommern,Landkreis Rostock,W. Europe Standard Time,false,2,1,postal_boundary,0
18292,Dobbin-Linstow u.a.,DE,Mecklenburg-Vorpommern,Landkreis Rostock,W. Europe Standard Time,true,1,1,postal_boundary,0
18292,Krakow,DE,Mecklenburg-Vorpommern,Landkreis Rostock,W. Europe Standard Time,false,2,1,postal_boundary,0
18299,Laage,DE,Mecklenburg-Vorpommern,Landkreis Rostock,W. Europe Standard Time,true,1,1,postal_boundary,1911
18299,Wardow u.a.,DE,Mecklenburg-Vorpommern,Landkreis Rostock,W. Europe Standard Time,false,2,1,postal_boundary,0
18311,Ribnitz-Damgarten,DE,Mecklenburg-Vorpommern,Vorpommern-Rügen,W. Europe Standard Time,true,1,1,postal_boundary,4633
18314,Löbnitz,DE,Mecklenburg-Vorpommern,Vorpommern-Rügen,W. Europe Standard Time,true,1,1,postal_boundary,257
18317,Saal,DE,Mecklenburg-Vorpommern,Vorpommern-Rügen,W. Europe Standard Time,true,1,1,postal_boundary,942
18320,Ahrenshagen-Daskow,DE,Mecklenburg-Vorpommern,Vorpommern-Rügen,W. Europe Standard Time,true,1,1,postal_boundary,716
18320,Trinwillershagen u.a.,DE,Mecklenburg-Vorpommern,Vorpommern-Rügen,W. Europe Standard Time,false,2,1,postal_boundary,0
18334,Bad Sülze,DE,Mecklenburg-Vorpommern,Vorpommern-Rügen,W. Europe Standard Time,true,1,1,postal_boundary,571
18337,Marlow,DE,Mecklenburg-Vorpommern,Vorpommern-Rügen,W. Europe Standard Time,true,1,1,postal_boundary,1646
18347,Dierhagen,DE,Mecklenburg-Vorpommern,Vorpommern-Rügen,W. Europe Standard Time,true,1,1,postal_boundary,1234
18356,Barth,DE,Mecklenburg-Vorpommern,Vorpommern-Rügen,W. Europe Standard Time,true,1,1,postal_boundary,2780
18374,Zingst a. Darß,DE,Mecklenburg-Vorpommern,Vorpommern-Rügen,W. Europe Standard Time,true,1,1,postal_boundary,0
18375,Prerow a. Darß,DE,Mecklenburg-Vorpommern,Vorpommern-Rügen,W. Europe Standard Time,true,1,1,postal_boundary,0
18435,Stralsund,DE,Mecklenburg-Vorpommern,Vorpommern-Rügen,W. Europe Standard Time,true,1,3,postal_boundary,3132
18437,Stralsund,DE,Mecklenburg-Vorpommern,Vorpommern-Rügen,W. Europe Standard Time,true,1,2,postal_boundary,3441
18439,Stralsund,DE,Mecklenburg-Vorpommern,Vorpommern-Rügen,W. Europe Standard Time,true,1,1,postal_boundary,4372
18442,Groß Kordshagen,DE,Mecklenburg-Vorpommern,Vorpommern-Rügen,W. Europe Standard Time,false,6,1,postal_boundary,130
18442,Jakobsdorf,DE,Mecklenburg-Vorpommern,Vorpommern-Rügen,W. Europe Standard Time,false,7,1,postal_boundary,62
18442,Lüssow,DE,Mecklenburg-Vorpommern,Vorpommern-Rügen,W. Europe Standard Time,false,3,1,postal_boundary,362
18442,Niepars,DE,Mecklenburg-Vorpommern,Vorpommern-Rügen,W. Europe Standard Time,true,1,1,postal_boundary,1072
18442,Pantelitz,DE,Mecklenburg-Vorpommern,Vorpommern-Rügen,W. Europe Standard Time,false,4,1,postal_boundary,279
18442,Steinhagen,DE,Mecklenburg-Vorpommern,Vorpommern-Rügen,W. Europe Standard Time,false,2,1,postal_boundary,1011
18442,Wendorf,DE,Mecklenburg-Vorpommern,Vorpommern-Rügen,W. Europe Standard Time,false,5,1,postal_boundary,234
18445,Prohn,DE,Mecklenburg-Vorpommern,Vorpommern-Rügen,W. Europe Standard Time,true,1,1,postal_boundary,702
18461,Franzburg,DE,Mecklenburg-Vorpommern,Vorpommern-Rügen,W. Europe Standard Time,false,2,1,postal_boundary,528
18461,Richtenberg,DE,Mecklenburg-Vorpommern,Vorpommern-Rügen,W. Europe Standard Time,true,1,1,postal_boundary,534
18461,u.a.,DE,Mecklenburg-Vorpommern,Vorpommern-Rügen,W. Europe Standard Time,false,3,1,postal_boundary,0
18465,Tribsees,DE,Mecklenburg-Vorpommern,Vorpommern-Rügen,W. Europe Standard Time,true,1,1,postal_boundary,766
18469,Velgast,DE,Mecklenburg-Vorpommern,Vorpommern-Rügen,W. Europe Standard Time,true,1,1,postal_boundary,563
18507,Grimmen,DE,Mecklenburg-Vorpommern,Vorpommern-Rügen,W. Europe Standard Time,true,1,1,postal_boundary,2608
18510,Wittenhagen,DE,Mecklenburg-Vorpommern,Vorpommern-Rügen,W. Europe Standard Time,true,1,1,postal_boundary,13
18513,Glewitz,DE,Mecklenburg-Vorpommern,Vorpommern-Rügen,W. Europe Standard Time,true,1,1,postal_boundary,4
18516,Rakow,DE,Mecklenburg-Vorpommern,Vorpommern-Rügen,W. Europe Standard Time,true,1,1,postal_boundary,0
18519,Miltzow u.a.,DE,Mecklenburg-Vorpommern,Vorpommern-Rügen,W. Europe Standard Time,true,1,1,postal_boundary,0
18528,Bergen/ Rügen,DE,Mecklenburg-Vorpommern,Vorpommern-Rügen,W. Europe Standard Time,true,1,1,postal_boundary,0
18546,Sassnitz,DE,Mecklenburg-Vorpommern,Vorpommern-Rügen,W. Europe Standard Time,true,1,1,postal_boundary,1826
18551,Sagard,DE,Mecklenburg-Vorpommern,Vorpommern-Rügen,W. Europe Standard Time,true,1,1,postal_boundary,658
18556,Dranske,DE,Mecklenburg-Vorpommern,Vorpommern-Rügen,W. Europe Standard Time,true,1,1,postal_boundary,580
18565,Hiddensee,DE,Mecklenburg-Vorpommern,Vorpommern-Rügen,W. Europe Standard Time,true,1,1,postal_boundary,0
18569,Gingst,DE,Mecklenburg-Vorpommern,Vorpommern-Rügen,W. Europe Standard Time,true,1,1,postal_boundary,344
18573,Samtens,DE,Mecklenburg-Vorpommern,Vorpommern-Rügen,W. Europe Standard Time,true,1,1,postal_boundary,585
18574,Garz/ Rügen,DE,Mecklenburg-Vorpommern,Vorpommern-Rügen,W. Europe Standard Time,true,1,1,postal_boundary,0
18581,Putbus,DE,Mecklenburg-Vorpommern,Vorpommern-Rügen,W. Europe Standard Time,true,1,1,postal_boundary,826
18586,Sellin u.a.,DE,Mecklenburg-Vorpommern,Vorpommern-Rügen,W. Europe Standard Time,true,1,1,postal_boundary,0
18609,Binz,DE,Mecklenburg-Vorpommern,Vorpommern-Rügen,W. Europe Standard Time,true,1,1,postal_boundary,588
19053,Schwerin,DE,Mecklenburg-Vorpommern,Schwerin,W. Europe Standard Time,true,1,4,postal_boundary,2650
19055,Schwerin,DE,Mecklenburg-Vorpommern,Schwerin,W. Europe Standard Time,true,1,3,postal_boundary,2926
19057,Schwerin,DE,Mecklenburg-Vorpommern,Schwerin,W. Europe Standard Time,true,1,1,postal_boundary,4860
19059,Schwerin,DE,Mecklenburg-Vorpommern,Schwerin,W. Europe Standard Time,true,1,6,postal_boundary,1216
19061,Schwerin,DE,Mecklenburg-Vorpommern,Schwerin,W. Europe Standard Time,true,1,2,postal_boundary,3751
19063,Schwerin,DE,Mecklenburg-Vorpommern,Schwerin,W. Europe Standard Time,true,1,5,postal_boundary,1556
19065,Pinnow,DE,Mecklenburg-Vorpommern,Ludwigslust-Parchim,W. Europe Standard Time,true,1,1,postal_boundary,1005
19067,Leezen,DE,Mecklenburg-Vorpommern,Ludwigslust-Parchim,W. Europe Standard Time,true,1,1,postal_boundary,872
19069,Lübstorf,DE,Mecklenburg-Vorpommern,Nordwestmecklenburg,W. Europe Standard Time,true,1,1,postal_boundary,614
19071,Brüsewitz,DE,Mecklenburg-Vorpommern,Nordwestmecklenburg,W. Europe Standard Time,true,1,1,postal_boundary,781
19073,Dümmer,DE,Mecklenburg-Vorpommern,Ludwigslust-Parchim,W. Europe Standard Time,true,1,1,postal_boundary,714
19073,Stralendorf,DE,Mecklenburg-Vorpommern,Ludwigslust-Parchim,W. Europe Standard Time,false,2,1,postal_boundary,472
19073,Wittenförden u.a.,DE,Mecklenburg-Vorpommern,Ludwigslust-Parchim,W. Europe Standard Time,false,3,1,postal_boundary,0
19073,Wittenförden u.a.,DE,Mecklenburg-Vorpommern,Nordwestmecklenburg,W. Europe Standard Time,false,4,1,postal_boundary,0
19075,Pampow,DE,Mecklenburg-Vorpommern,Ludwigslust-Parchim,W. Europe Standard Time,true,1,1,postal_boundary,1028
19077,Rastow,DE,Mecklenburg-Vorpommern,Ludwigslust-Parchim,W. Europe Standard Time,true,1,1,postal_boundary,761
19079,Banzkow,DE,Mecklenburg-Vorpommern,Ludwigslust-Parchim,W. Europe Standard Time,true,1,1,postal_boundary,1026
19079,Sukow,DE,Mecklenburg-Vorpommern,Ludwigslust-Parchim,W. Europe Standard Time,false,2,1,postal_boundary,621
19086,Plate,DE,Mecklenburg-Vorpommern,Ludwigslust-Parchim,W. Europe Standard Time,true,1,1,postal_boundary,1303
19089,Crivitz,DE,Mecklenburg-Vorpommern,Ludwigslust-Parchim,W. Europe Standard Time,true,1,1,postal_boundary,1755
19089,Friedrichsruhe u.a.,DE,Mecklenburg-Vorpommern,Ludwigslust-Parchim,W. Europe Standard Time,false,2,1,postal_boundary,0
19205,Gadebusch u.a.,DE,Mecklenburg-Vorpommern,Nordwestmecklenburg,W. Europe Standard Time,true,1,1,postal_boundary,0
19209,Lützow,DE,Mecklenburg-Vorpommern,Nordwestmecklenburg,W. Europe Standard Time,true,1,1,postal_boundary,102
19217,Carlow u.a.,DE,Mecklenburg-Vorpommern,Nordwestmecklenburg,W. Europe Standard Time,false,2,1,postal_boundary,0
19217,Rehna,DE,Mecklenburg-Vorpommern,Nordwestmecklenburg,W. Europe Standard Time,true,1,1,postal_boundary,895
19230,Hagenow u.a.,DE,Mecklenburg-Vorpommern,Ludwigslust-Parchim,W. Europe Standard Time,true,1,1,postal_boundary,0
19243,Wittenburg,DE,Mecklenburg-Vorpommern,Ludwigslust-Parchim,W. Europe Standard Time,true,1,1,postal_boundary,1628
19243,Wittendörp,DE,Mecklenburg-Vorpommern,Ludwigslust-Parchim,W. Europe Standard Time,false,2,1,postal_boundary,728
19246,Zarrentin,DE,Mecklenburg-Vorpommern,Ludwigslust-Parchim,W. Europe Standard Time,true,1,1,postal_boundary,0
19249,Lübtheen,DE,Mecklenburg-Vorpommern,Ludwigslust-Parchim,W. Europe Standard Time,true,1,1,postal_boundary,1550
19258,Boizenburg,DE,Mecklenburg-Vorpommern,Ludwigslust-Parchim,W. Europe Standard Time,false,2,1,postal_boundary,0
19258,Gresse,DE,Mecklenburg-Vorpommern,Ludwigslust-Parchim,W. Europe Standard Time,true,1,1,postal_boundary,275
19258,Greven u.a.,DE,Mecklenburg-Vorpommern,Ludwigslust-Parchim,W. Europe Standard Time,false,3,1,postal_boundary,0
19260,Vellahn,DE,Mecklenburg-Vorpommern,Ludwigslust-Parchim,W. Europe Standard Time,true,1,1,postal_boundary,1083
19273,Brahlstorf,DE,Mecklenburg-Vorpommern,Ludwigslust-Parchim,W. Europe Standard Time,false,2,1,address_fallback,322
19273,Dersenow,DE,Mecklenburg-Vorpommern,Ludwigslust-Parchim,W. Europe Standard Time,false,3,1,address_fallback,90
19273,Teldau,DE,Mecklenburg-Vorpommern,Ludwigslust-Parchim,W. Europe Standard Time,true,1,1,address_fallback,335
19288,Ludwigslust,DE,Mecklenburg-Vorpommern,Ludwigslust-Parchim,W. Europe Standard Time,true,1,1,postal_boundary,3496
19294,Neu Kaliß,DE,Mecklenburg-Vorpommern,Ludwigslust-Parchim,W. Europe Standard Time,true,1,1,postal_boundary,710
19300,Grabow u.a.,DE,Mecklenburg-Vorpommern,Ludwigslust-Parchim,W. Europe Standard Time,true,1,1,postal_boundary,0
19303,Dömitz,DE,Mecklenburg-Vorpommern,Ludwigslust-Parchim,W. Europe Standard Time,true,1,1,postal_boundary,1289
19306,Neustadt-Glewe,DE,Mecklenburg-Vorpommern,Ludwigslust-Parchim,W. Europe Standard Time,true,1,1,postal_boundary,2256
19357,Brunow,DE,Mecklenburg-Vorpommern,Ludwigslust-Parchim,W. Europe Standard Time,false,2,1,address_fallback,52
19357,Dambeck,DE,Mecklenburg-Vorpommern,Ludwigslust-Parchim,W. Europe Standard Time,true,1,1,address_fallback,132
19370,Parchim,DE,Mecklenburg-Vorpommern,Ludwigslust-Parchim,W. Europe Standard Time,true,1,1,postal_boundary,4457
19372,Spornitz,DE,Mecklenburg-Vorpommern,Ludwigslust-Parchim,W. Europe Standard Time,true,1,1,postal_boundary,489
19374,Domsühl,DE,Mecklenburg-Vorpommern,Ludwigslust-Parchim,W. Europe Standard Time,true,1,1,postal_boundary,571
19374,Mestlin,DE,Mecklenburg-Vorpommern,Ludwigslust-Parchim,W. Europe Standard Time,false,2,1,postal_boundary,312
19374,Obere Warnow u.a.,DE,Mecklenburg-Vorpommern,Ludwigslust-Parchim,W. Europe Standard Time,false,3,1,postal_boundary,0
19376,Marnitz,DE,Mecklenburg-Vorpommern,Ludwigslust-Parchim,W. Europe Standard Time,false,2,1,postal_boundary,0
19376,Siggelkow,DE,Mecklenburg-Vorpommern,Ludwigslust-Parchim,W. Europe Standard Time,true,1,1,postal_boundary,382
19386,Lübz,DE,Mecklenburg-Vorpommern,Ludwigslust-Parchim,W. Europe Standard Time,true,1,1,postal_boundary,2115
19386,Passow,DE,Mecklenburg-Vorpommern,Ludwigslust-Parchim,W. Europe Standard Time,false,2,1,postal_boundary,312
19395,Plau am See,DE,Mecklenburg-Vorpommern,Ludwigslust-Parchim,W. Europe Standard Time,true,1,1,postal_boundary,3063
19399,Goldberg,DE,Mecklenburg-Vorpommern,Ludwigslust-Parchim,W. Europe Standard Time,true,1,1,postal_boundary,1354
19406,Dabel u.a.,DE,Mecklenburg-Vorpommern,Ludwigslust-Parchim,W. Europe Standard Time,false,2,1,postal_boundary,0
19406,Sternberg,DE,Mecklenburg-Vorpommern,Ludwigslust-Parchim,W. Europe Standard Time,true,1,1,postal_boundary,1357
19412,Brüel,DE,Mecklenburg-Vorpommern,Ludwigslust-Parchim,W. Europe Standard Time,true,1,1,postal_boundary,973
19417,Warin,DE,Mecklenburg-Vorpommern,Nordwestmecklenburg,W. Europe Standard Time,true,1,1,postal_boundary,1315
23923,Schönberg,DE,Mecklenburg-Vorpommern,Nordwestmecklenburg,W. Europe Standard Time,true,1,1,postal_boundary,618
23936,Grevesmühlen,DE,Mecklenburg-Vorpommern,Nordwestmecklenburg,W. Europe Standard Time,true,1,1,postal_boundary,3109
23936,Stepenitztal,DE,Mecklenburg-Vorpommern,Nordwestmecklenburg,W. Europe Standard Time,false,2,1,postal_boundary,611
23936,Upahl u.a.,DE,Mecklenburg-Vorpommern,Nordwestmecklenburg,W. Europe Standard Time,false,3,1,postal_boundary,0
23942,Dassow,DE,Mecklenburg-Vorpommern,Nordwestmecklenburg,W. Europe Standard Time,true,1,1,postal_boundary,1823
23946,Boltenhagen,DE,Mecklenburg-Vorpommern,Nordwestmecklenburg,W. Europe Standard Time,true,1,1,postal_boundary,1525
23948,Klütz,DE,Mecklenburg-Vorpommern,Nordwestmecklenburg,W. Europe Standard Time,true,1,1,postal_boundary,1285
23966,Groß Krankow u.a.,DE,Mecklenburg-Vorpommern,Nordwestmecklenburg,W. Europe Standard Time,false,2,1,postal_boundary,0
23966,Wismar,DE,Mecklenburg-Vorpommern,Nordwestmecklenburg,W. Europe Standard Time,true,1,1,postal_boundary,4330
23968,Barnekow,DE,Mecklenburg-Vorpommern,Nordwestmecklenburg,W. Europe Standard Time,true,1,1,postal_boundary,244
23968,Gägelow u.a.,DE,Mecklenburg-Vorpommern,Nordwestmecklenburg,W. Europe Standard Time,false,2,1,postal_boundary,0
23970,Wismar,DE,Mecklenburg-Vorpommern,Nordwestmecklenburg,W. Europe Standard Time,true,1,2,postal_boundary,2916
23972,Dorf Mecklenburg,DE,Mecklenburg-Vorpommern,Nordwestmecklenburg,W. Europe Standard Time,true,1,1,postal_boundary,1000
23972,Lübow u.a.,DE,Mecklenburg-Vorpommern,Nordwestmecklenburg,W. Europe Standard Time,false,2,1,postal_boundary,0
23974,Hornstorf,DE,Mecklenburg-Vorpommern,Nordwestmecklenburg,W. Europe Standard Time,true,1,1,postal_boundary,305
23974,Neuburg-Steinhausen,DE,Mecklenburg-Vorpommern,Nordwestmecklenburg,W. Europe Standard Time,false,2,1,postal_boundary,0
23992,Neukloster,DE,Mecklenburg-Vorpommern,Nordwestmecklenburg,W. Europe Standard Time,true,1,1,postal_boundary,1090
23992,Zurow,DE,Mecklenburg-Vorpommern,Nordwestmecklenburg,W. Europe Standard Time,false,2,1,postal_boundary,693
23996,Bad Kleinen u.a.,DE,Mecklenburg-Vorpommern,Nordwestmecklenburg,W. Europe Standard Time,true,1,1,postal_boundary,0
23999,Insel Poel,DE,Mecklenburg-Vorpommern,Nordwestmecklenburg,W. Europe Standard Time,true,1,1,postal_boundary,1704
